{"cameraMode":{"drawMode":0,"name":"Shaded","section":"Shading Mode"},"sceneLighting":true,"audioPlay":false,"sceneViewState":{"m_AlwaysRefresh":false,"showFog":true,"showSkybox":true,"showFlares":true,"showImageEffects":true,"showParticleSystems":true,"showVisualEffectGraphs":true,"m_FxEnabled":true},"in2DMode":false,"pivot":{"x":-6.925687789916992,"y":11.222124099731446,"z":-10.048852920532227},"rotation":{"x":-0.15370658040046693,"y":0.04770243167877197,"z":-0.007429186720401049,"w":-0.9869369864463806},"size":35.665985107421878,"orthographic":false}